kind,esco_id,uri,label_fr,label_en,esco_type_or_code,profile_entry,level,covers
skill,b0096dc5-2e2d-4bc1-8172-05bf486c3968,http://data.europa.eu/esco/skill/b0096dc5-2e2d-4bc1-8172-05bf486c3968,concevoir des interfaces d’application,design application interfaces,skill/competence,Méthode signature : API-fication,Expert,"API-fication | Exposition API REST + OpenAPI/Swagger | Packaging SDK (Java, Python, Go) | Catalogue d'APIs publiques (APIGEE)"
skill,6fa1c2c0-a012-4ca0-9642-e01569ba322c,http://data.europa.eu/esco/skill/6fa1c2c0-a012-4ca0-9642-e01569ba322c,intégration de systèmes de TIC,ICT system integration,knowledge,Méthode signature : API-fication,Expert,Identification de manques d'interopérabilité
skill,cb5cccc9-abe4-4b11-abe6-d27e5cd85fb1,http://data.europa.eu/esco/skill/cb5cccc9-abe4-4b11-abe6-d27e5cd85fb1,gérer les normes d’échange de données,manage standards for data exchange,skill/competence,Méthode signature : API-fication,Expert,"schema.org — attachement de données à des schémas existants avant exposition | Schema-first data design (R. Itelman, Designing Data Products with JSON Schema)"
skill,4216e465-7baa-4884-a241-54b197bb9278,http://data.europa.eu/esco/skill/4216e465-7baa-4884-a241-54b197bb9278,procéder à l’extraction de données,perform data mining,skill/competence,Méthode signature : API-fication,Expert,Scraping de sources sans API | Exploitation open data
skill,83218cac-3599-417e-93d2-26013cdccd98,http://data.europa.eu/esco/skill/83218cac-3599-417e-93d2-26013cdccd98,modélisation orientée services,service-oriented modelling,knowledge,Méthode signature : API-fication,Expert,"Démultiplication communautaire (apps mobiles, bots, AR, MCPs, dashboards) | Pattern validé sur domaine.nc, ColisNC, edb-noumea, kalolo, RIDET, smartcity Nouméa"
skill,76ef6ed3-1658-4a1a-9593-204d799c6d0c,http://data.europa.eu/esco/skill/76ef6ed3-1658-4a1a-9593-204d799c6d0c,NoSQL,NoSQL,knowledge,Graph & Knowledge Engineering,Expert,Neo4j | GDS Library | endoflife.date-neo4j
skill,75f839c2-fd9a-4ad3-8921-6e734608568d,http://data.europa.eu/esco/skill/75f839c2-fd9a-4ad3-8921-6e734608568d,utiliser des langages de requête,use query languages,skill/competence,Graph & Knowledge Engineering,Expert,Cypher
skill,25f0ea33-b4a2-4f31-b7b4-7d20e827b180,http://data.europa.eu/esco/skill/25f0ea33-b4a2-4f31-b7b4-7d20e827b180,exploration de données,data mining,knowledge,Graph & Knowledge Engineering,Expert,Graph Data Science | NetworkX | Théorie des graphes | Analyse de réseaux | Centralité & clustering | Réseaux cachés
skill,fda917eb-0d6a-4371-8c93-2a10bf950966,http://data.europa.eu/esco/skill/fda917eb-0d6a-4371-8c93-2a10bf950966,gérer l’intégration sémantique des TIC,manage ICT semantic integration,skill/competence,Graph & Knowledge Engineering,Expert,Knowledge Graph | JSON-LD | schema.org
skill,8696aff0-18c0-4ba6-a4d0-9a21861b3e5e,http://data.europa.eu/esco/skill/8696aff0-18c0-4ba6-a4d0-9a21861b3e5e,standards du World Wide Web Consortium,World Wide Web Consortium standards,knowledge,Graph & Knowledge Engineering,Expert,JSON-LD
skill,fbafa41f-cd05-4109-a649-8b44d306d779,http://data.europa.eu/esco/skill/fbafa41f-cd05-4109-a649-8b44d306d779,créer des modèles de données,create data models,skill/competence,Graph & Knowledge Engineering,Expert,Neo4j | Knowledge Graph
skill,fecf8a0d-62c4-4e71-9b03-0f4fc2ad7bf5,http://data.europa.eu/esco/skill/fecf8a0d-62c4-4e71-9b03-0f4fc2ad7bf5,modèles de données,data models,knowledge,Graph & Knowledge Engineering,Expert,Knowledge Graph | schema.org | JSON-LD
skill,54924a2c-daca-40d3-9716-4b38ceb04f38,http://data.europa.eu/esco/skill/54924a2c-daca-40d3-9716-4b38ceb04f38,algorithmes,algorithms,knowledge,Graph & Knowledge Engineering,Expert,Théorie des graphes | Centralité & clustering | GDS Library
skill,4339176e-3acd-4f7f-a5d9-445bee3d23f2,http://data.europa.eu/esco/skill/4339176e-3acd-4f7f-a5d9-445bee3d23f2,mathématiques,mathematics,knowledge,Graph & Knowledge Engineering,Expert,Théorie des graphes
skill,1bba98a7-92b9-450b-9235-e0c905f8f3c4,http://data.europa.eu/esco/skill/1bba98a7-92b9-450b-9235-e0c905f8f3c4,architecture de l’information,information architecture,knowledge,Graph & Knowledge Engineering,Expert,Knowledge Graph | Réseaux cachés
skill,e465a154-93f7-4973-9ce1-31659fe16dd2,http://data.europa.eu/esco/skill/e465a154-93f7-4973-9ce1-31659fe16dd2,principes de l’intelligence artificielle,principles of artificial intelligence,knowledge,IA & Agents,Avancé,Agents IA | MCP (Model Context Protocol) | LangChain | Semantic Router | Vibe coding
skill,8369c2d6-c100-4cf6-bd83-9668d8678433,http://data.europa.eu/esco/skill/8369c2d6-c100-4cf6-bd83-9668d8678433,utiliser l’apprentissage automatique,utilise machine learning,skill/competence,IA & Agents,Avancé,Hugging Face | Embeddings (BAAI/bge-m3) | Cross-encoder reranking (bge-reranker-v2-m3) | ML frugal on-prem (sans GPU) | Ollama | Gradio
skill,fff0e2cd-d0bd-4b02-9daf-158b79d9688a,http://data.europa.eu/esco/skill/fff0e2cd-d0bd-4b02-9daf-158b79d9688a,traitement automatique du langage naturel,natural language processing,knowledge,IA & Agents,Avancé,RAG | Recherche sémantique (retrieve → rerank) | OpenSearch vector search
skill,a1388163-462a-4b76-8649-67470ea858a1,http://data.europa.eu/esco/skill/a1388163-462a-4b76-8649-67470ea858a1,effectuer des recherches dans des bases de données,search databases,skill/competence,IA & Agents,Avancé,Recherche sémantique (retrieve → rerank) | OpenSearch vector search
skill,42cb7669-c371-4903-9c0b-13db67b2e4bb,http://data.europa.eu/esco/skill/42cb7669-c371-4903-9c0b-13db67b2e4bb,technologies émergentes,emergent technologies,knowledge,IA & Agents,Avancé,Agents IA | MCP (Model Context Protocol) | Vibe coding
skill,f9670490-8aa4-4540-b121-d440a8294aab,http://data.europa.eu/esco/skill/f9670490-8aa4-4540-b121-d440a8294aab,développer des applications de traitement des données,develop data processing applications,skill/competence,IA & Agents,Avancé,Gradio | MCP (Model Context Protocol) | LangChain
skill,f7e2eb04-3e50-4561-bce1-7e51a1fec308,http://data.europa.eu/esco/skill/f7e2eb04-3e50-4561-bce1-7e51a1fec308,définir l’architecture logicielle,define software architecture,skill/competence,Architecture & Développement,Expert,"Architecture SI | Domain-Driven Design | Distributed systems design (M. Kleppmann, Designing Data-Intensive Applications)"
skill,ee3c1d54-f46a-43c7-a0f9-0ba3648164d0,http://data.europa.eu/esco/skill/ee3c1d54-f46a-43c7-a0f9-0ba3648164d0,créer une architecture d’entreprise,design enterprise architecture,skill/competence,Architecture & Développement,Expert,Architecture SI
skill,2857540c-180b-4208-9127-e94a01871966,http://data.europa.eu/esco/skill/2857540c-180b-4208-9127-e94a01871966,aligner le logiciel sur l’architecture du système,align software with system architectures,skill/competence,Architecture & Développement,Expert,"Interopérabilité (signature de carrière depuis 12+ ans, validée par pairs DSI Nouméa 2018)"
skill,b0096dc5-2e2d-4bc1-8172-05bf486c3968,http://data.europa.eu/esco/skill/b0096dc5-2e2d-4bc1-8172-05bf486c3968,concevoir des interfaces d’application,design application interfaces,skill/competence,Architecture & Développement,Expert,API Design | APIGEE | JSON Schema
skill,19a8293b-8e95-4de3-983f-77484079c389,http://data.europa.eu/esco/skill/19a8293b-8e95-4de3-983f-77484079c389,Java (programmation informatique),Java (computer programming),knowledge,Architecture & Développement,Expert,Java | Spring Boot | Quarkus | ZK Framework | picocli
skill,0d168770-4d9c-4096-b048-a6577818d306,http://data.europa.eu/esco/skill/0d168770-4d9c-4096-b048-a6577818d306,Apache Maven,Apache Maven,knowledge,Architecture & Développement,Expert,Maven
skill,21d2f96d-35f7-4e3f-9745-c533d2dd6e97,http://data.europa.eu/esco/skill/21d2f96d-35f7-4e3f-9745-c533d2dd6e97,programmation informatique,computer programming,knowledge,Architecture & Développement,Expert,Go | Cobra (Go) | BubbleTea
skill,a47d194d-0ffd-4aaa-b695-fbbe0255000e,http://data.europa.eu/esco/skill/a47d194d-0ffd-4aaa-b695-fbbe0255000e,concevoir un système d’information,design information system,skill/competence,Architecture & Développement,Expert,"Architecture SI | Interopérabilité (signature de carrière depuis 12+ ans, validée par pairs DSI Nouméa 2018)"
skill,c453cf81-6197-428e-84c6-70c773b63f27,http://data.europa.eu/esco/skill/c453cf81-6197-428e-84c6-70c773b63f27,cadres d'architecture TIC,ICT architectural frameworks,knowledge,Architecture & Développement,Expert,Architecture SI
skill,2450c3b3-e78e-435b-b84d-e05d984e71dc,http://data.europa.eu/esco/skill/2450c3b3-e78e-435b-b84d-e05d984e71dc,modèles d’architecture logicielle,software architecture models,knowledge,Architecture & Développement,Expert,"Domain-Driven Design | Distributed systems design (M. Kleppmann, Designing Data-Intensive Applications)"
skill,5b9cde20-f1b9-4adc-bfb3-dbf70b14138d,http://data.europa.eu/esco/skill/5b9cde20-f1b9-4adc-bfb3-dbf70b14138d,utiliser la programmation orientée objet,use object-oriented programming,skill/competence,Architecture & Développement,Expert,Java | Spring Boot | Quarkus
skill,83b33952-3872-46ec-9a2e-b28f91303a7e,http://data.europa.eu/esco/skill/83b33952-3872-46ec-9a2e-b28f91303a7e,superviser le développement d’un logiciel,oversee development of software,skill/competence,Architecture & Développement,Expert,Architecture SI
skill,9d0d89be-bffa-4393-b6f6-8d05bea49051,http://data.europa.eu/esco/skill/9d0d89be-bffa-4393-b6f6-8d05bea49051,outils d’extraction de transformation et de chargement,"data extraction, transformation and loading tools",knowledge,Data Engineering,Avancé,ETL/ELT | Apache Airflow | Debezium | Apache Kafka
skill,3ec2e4d6-7000-4905-bf1a-c5b1679416de,http://data.europa.eu/esco/skill/3ec2e4d6-7000-4905-bf1a-c5b1679416de,entrepôt de données,data warehouse,knowledge,Data Engineering,Avancé,Lakehouse | MinIO
skill,46ec0033-3c71-415e-bcff-b065675ba2dc,http://data.europa.eu/esco/skill/46ec0033-3c71-415e-bcff-b065675ba2dc,intégrer des données TIC,integrate ICT data,skill/competence,Data Engineering,Avancé,Data Products | Apache Kafka | Debezium
skill,4d85b881-e490-4b4c-897a-2faa4ef53956,http://data.europa.eu/esco/skill/4d85b881-e490-4b4c-897a-2faa4ef53956,gérer l’architecture des données TIC,manage ICT data architecture,skill/competence,Data Engineering,Avancé,Gouvernance des métadonnées | Data Products
skill,c3e36d05-8ae8-447f-bb2b-6f9409f85389,http://data.europa.eu/esco/skill/c3e36d05-8ae8-447f-bb2b-6f9409f85389,fournir une présentation visuelle des données,deliver visual presentation of data,skill/competence,Data Engineering,Avancé,Apache Superset | Kibana
skill,a1388163-462a-4b76-8649-67470ea858a1,http://data.europa.eu/esco/skill/a1388163-462a-4b76-8649-67470ea858a1,effectuer des recherches dans des bases de données,search databases,skill/competence,Data Engineering,Avancé,OpenSearch | Elasticsearch | ELK Stack
skill,2daec0e6-f0c1-43e8-8178-aedba99130ec,http://data.europa.eu/esco/skill/2daec0e6-f0c1-43e8-8178-aedba99130ec,créer des traitements de données,establish data processes,skill/competence,Data Engineering,Avancé,Apache Airflow | ETL/ELT | Debezium
skill,9ff9db9d-d14b-426e-83f3-e7449af6c79f,http://data.europa.eu/esco/skill/9ff9db9d-d14b-426e-83f3-e7449af6c79f,gérer les données,manage data,skill/competence,Data Engineering,Avancé,Data Products | Gouvernance des métadonnées
skill,a7f0fbe0-c546-4f30-8e41-34a58c64567e,http://data.europa.eu/esco/skill/a7f0fbe0-c546-4f30-8e41-34a58c64567e,stockage de données,data storage,knowledge,Data Engineering,Avancé,MinIO | Lakehouse
skill,9a0d0abc-010d-440b-8242-7e31510471ba,http://data.europa.eu/esco/skill/9a0d0abc-010d-440b-8242-7e31510471ba,respect de la gouvernance de l'information,information governance compliance,knowledge,Data Engineering,Avancé,Gouvernance des métadonnées
skill,713fb616-118e-40bc-9366-4a69879a49d5,http://data.europa.eu/esco/skill/713fb616-118e-40bc-9366-4a69879a49d5,mettre en œuvre des processus de qualité des données,implement data quality processes,skill/competence,Data Engineering,Avancé,Data Products
skill,47a49cd6-097d-457a-9f7b-c290c14930d5,http://data.europa.eu/esco/skill/47a49cd6-097d-457a-9f7b-c290c14930d5,analyser des mégadonnées,analyse big data,skill/competence,Data Engineering,Avancé,Lakehouse | Apache Superset
skill,a8d07b5a-c1a1-42c6-9d53-db9c7a2ca996,http://data.europa.eu/esco/skill/a8d07b5a-c1a1-42c6-9d53-db9c7a2ca996,PostgreSQL,PostgreSQL,knowledge,Bases de données,Avancé,PostgreSQL
skill,de9f85ba-e77f-48fd-8c66-f5ebaf32d655,http://data.europa.eu/esco/skill/de9f85ba-e77f-48fd-8c66-f5ebaf32d655,Oracle Relational Database,Oracle Relational Database,knowledge,Bases de données,Avancé,Oracle
skill,598de5b0-5b58-4ea7-8058-a4bc4d18c742,http://data.europa.eu/esco/skill/598de5b0-5b58-4ea7-8058-a4bc4d18c742,SQL,SQL,knowledge,Bases de données,Avancé,SQL | DuckDB | DuckLake
skill,7369f779-4b71-4aab-8836-48b69c676eec,http://data.europa.eu/esco/skill/7369f779-4b71-4aab-8836-48b69c676eec,administrer un système de gestion de bases de données relationnelles,operate relational database management system,skill/competence,Bases de données,Avancé,Tuning
skill,29fb0fb5-dfc4-4098-ac9b-3a712000f48f,http://data.europa.eu/esco/skill/29fb0fb5-dfc4-4098-ac9b-3a712000f48f,gérer une base de données,manage database,skill/competence,Bases de données,Avancé,Tuning | Analyse sécurité & lifecycle
skill,84f58e3d-8669-4d83-8c1d-5dd1e73a654f,http://data.europa.eu/esco/skill/84f58e3d-8669-4d83-8c1d-5dd1e73a654f,créer des schémas de base de données,create database diagrams,skill/competence,Bases de données,Avancé,SchemaCrawler
skill,6c08403c-a5bb-4868-b8c2-b7d039c0e511,http://data.europa.eu/esco/skill/6c08403c-a5bb-4868-b8c2-b7d039c0e511,concevoir un schéma de base de données,design database scheme,skill/competence,Bases de données,Avancé,SQL | SchemaCrawler
skill,a7a14be2-78b5-4b4a-ba77-2658285e2756,http://data.europa.eu/esco/skill/a7a14be2-78b5-4b4a-ba77-2658285e2756,appliquer la rétro-ingénierie,apply reverse engineering,skill/competence,Bases de données,Avancé,SchemaCrawler
skill,64db87c7-2360-4e20-88d3-d222402e477c,http://data.europa.eu/esco/skill/64db87c7-2360-4e20-88d3-d222402e477c,écrire la documentation d’une base de données,write database documentation,skill/competence,Bases de données,Avancé,SchemaCrawler
skill,9ef0f3a0-9ce2-4ef1-a987-0366b5cb2dbe,http://data.europa.eu/esco/skill/9ef0f3a0-9ce2-4ef1-a987-0366b5cb2dbe,outils de développement de bases de données,database development tools,knowledge,Bases de données,Avancé,SchemaCrawler | DuckDB
skill,9ba8fd27-275d-4bad-8c48-f668aa99a578,http://data.europa.eu/esco/skill/9ba8fd27-275d-4bad-8c48-f668aa99a578,équilibrer les ressources d’une base de données,balance database resources,skill/competence,Bases de données,Avancé,Tuning
skill,022dc430-872a-473a-9cf4-fed4895e58ad,http://data.europa.eu/esco/skill/022dc430-872a-473a-9cf4-fed4895e58ad,définir la structure physique de la base de données,define database physical structure,skill/competence,Bases de données,Avancé,Tuning
skill,ec85cc63-4e24-4631-bf92-8789db2605c0,http://data.europa.eu/esco/skill/ec85cc63-4e24-4631-bf92-8789db2605c0,maintenir la sécurité d’une base de données,maintain database security,skill/competence,Bases de données,Avancé,Analyse sécurité & lifecycle
skill,f0de4973-0a70-4644-8fd4-3a97080476f4,http://data.europa.eu/esco/skill/f0de4973-0a70-4644-8fd4-3a97080476f4,DevOps,DevOps,knowledge,DevSecOps,Avancé,GitHub Actions | Docker | Podman | Kubernetes | skopeo | goreleaser | DORA metrics
skill,9d2e926f-53d9-41f5-98f3-19dfaa687f3f,http://data.europa.eu/esco/skill/9d2e926f-53d9-41f5-98f3-19dfaa687f3f,outils de gestion de configuration logicielle,tools for software configuration management,knowledge,DevSecOps,Avancé,GitHub Actions | GitHub Issues
skill,f4a85869-1855-45d5-a43c-7ee8cd451996,http://data.europa.eu/esco/skill/f4a85869-1855-45d5-a43c-7ee8cd451996,procéder à des évaluations de la vulnérabilité en matière de sécurité,perform security vulnerability assessments,skill/competence,DevSecOps,Avancé,Trivy | Shift-left security | geol
skill,a4346013-a967-4a58-a533-6b32ad1364c5,http://data.europa.eu/esco/skill/a4346013-a967-4a58-a533-6b32ad1364c5,protection des données,data protection,knowledge,DevSecOps,Avancé,RGPD
skill,3e23db60-0c3d-498a-a6ac-ffbed0ecb033,http://data.europa.eu/esco/skill/3e23db60-0c3d-498a-a6ac-ffbed0ecb033,normes d’accessibilité TIC,ICT accessibility standards,knowledge,DevSecOps,Avancé,WCAG | Lighthouse | Accessibility CI checks
skill,6a322874-e32f-4cd8-9683-badce67a7f73,http://data.europa.eu/esco/skill/6a322874-e32f-4cd8-9683-badce67a7f73,développer des tests logiciels automatisés,develop automated software tests,skill/competence,DevSecOps,Avancé,Accessibility CI checks | Lighthouse
skill,3ff589b7-68df-4ea5-ae41-b395bdb2378f,http://data.europa.eu/esco/skill/3ff589b7-68df-4ea5-ae41-b395bdb2378f,normes de sécurité des TIC,ICT security standards,knowledge,DevSecOps,Avancé,Shift-left security | Trivy
skill,861313ba-3a1a-4d33-842a-1b8e45e2415b,http://data.europa.eu/esco/skill/861313ba-3a1a-4d33-842a-1b8e45e2415b,gérer les conséquences de l’obsolescence des TIC,manage ICT legacy implication,skill/competence,DevSecOps,Avancé,geol
skill,fe1c2b32-7fe9-4668-affa-07ff658a68cf,http://data.europa.eu/esco/skill/fe1c2b32-7fe9-4668-affa-07ff658a68cf,identifier les risques de sécurité des TIC,identify ICT security risks,skill/competence,DevSecOps,Avancé,Trivy | Shift-left security
skill,06358891-8424-43c5-891e-d40f226bef40,http://data.europa.eu/esco/skill/06358891-8424-43c5-891e-d40f226bef40,gérer la conformité en matière de sécurité des TIC,manage IT security compliances,skill/competence,DevSecOps,Avancé,RGPD | WCAG | Shift-left security
skill,71c2f41e-14de-4b23-82ad-5dbcd54ba5b0,http://data.europa.eu/esco/skill/71c2f41e-14de-4b23-82ad-5dbcd54ba5b0,gérer le déploiement d’un système de TIC,manage ICT system deployment,skill/competence,DevSecOps,Avancé,GitHub Actions | goreleaser | Docker | Kubernetes
skill,8dcbcabe-09f7-4d11-940d-125af57bbc40,http://data.europa.eu/esco/skill/8dcbcabe-09f7-4d11-940d-125af57bbc40,suivre des indicateurs clés de performance,track key performance indicators,skill/competence,DevSecOps,Avancé,DORA metrics
skill,be0ff6d8-5e61-4021-9c89-e40cf0b75cc6,http://data.europa.eu/esco/skill/be0ff6d8-5e61-4021-9c89-e40cf0b75cc6,mesurer l’ergonomie d’un logiciel,measure software usability,skill/competence,DevSecOps,Avancé,Lighthouse | Accessibility CI checks
skill,751941a0-5645-4f8b-b97e-b252909d5edb,http://data.europa.eu/esco/skill/751941a0-5645-4f8b-b97e-b252909d5edb,développer un flux de travail de TIC,develop ICT workflow,skill/competence,Microsoft Power Platform,Intermédiaire,No-code automation | Power Automate | Microsoft Flow
skill,b0096dc5-2e2d-4bc1-8172-05bf486c3968,http://data.europa.eu/esco/skill/b0096dc5-2e2d-4bc1-8172-05bf486c3968,concevoir des interfaces d’application,design application interfaces,skill/competence,Microsoft Power Platform,Intermédiaire,Custom connectors APIGEE
skill,c3e36d05-8ae8-447f-bb2b-6f9409f85389,http://data.europa.eu/esco/skill/c3e36d05-8ae8-447f-bb2b-6f9409f85389,fournir une présentation visuelle des données,deliver visual presentation of data,skill/competence,Microsoft Power Platform,Intermédiaire,Power BI | Data storytelling
skill,ccd0a1d9-afda-43d9-b901-96344886e14d,http://data.europa.eu/esco/skill/ccd0a1d9-afda-43d9-b901-96344886e14d,Python (programmation informatique),Python (computer programming),knowledge,Open Data & Data Science,Avancé,Python | Pandas | uv | poetry | PyPI | PyPI maintainer
skill,2b92a5b2-6758-4ee3-9fb4-b6387a55cc8f,http://data.europa.eu/esco/skill/2b92a5b2-6758-4ee3-9fb4-b6387a55cc8f,effectuer une analyse de données,perform data analysis,skill/competence,Open Data & Data Science,Avancé,Kaggle | Pandas | DuckDB | Open Data
skill,4216e465-7baa-4884-a241-54b197bb9278,http://data.europa.eu/esco/skill/4216e465-7baa-4884-a241-54b197bb9278,procéder à l’extraction de données,perform data mining,skill/competence,Open Data & Data Science,Avancé,Web scraping
skill,906323f4-00c4-4c3b-ab5a-8af77be3456e,http://data.europa.eu/esco/skill/906323f4-00c4-4c3b-ab5a-8af77be3456e,créer des ensembles de données,create data sets,skill/competence,Open Data & Data Science,Avancé,"Création et publication de datasets open data (Kaggle, Hugging Face)"
skill,9710092c-f174-4e84-95bf-2064d39ad7a0,http://data.europa.eu/esco/skill/9710092c-f174-4e84-95bf-2064d39ad7a0,gérer les métadonnées de contenu,manage content metadata,skill/competence,Open Data & Data Science,Avancé,"Création et publication de datasets open data (Kaggle, Hugging Face)"
skill,40001d93-8937-4859-89d5-2dca53290ff4,http://data.europa.eu/esco/skill/40001d93-8937-4859-89d5-2dca53290ff4,participer à des échanges au moyen de technologies numériques,share through digital technologies,skill/competence,Open Data & Data Science,Avancé,"Création et publication de datasets open data (Kaggle, Hugging Face)"
skill,07889c08-7220-47c8-96f7-6068fbea00dc,http://data.europa.eu/esco/skill/07889c08-7220-47c8-96f7-6068fbea00dc,normaliser les données,normalise data,skill/competence,Open Data & Data Science,Avancé,"Création et publication de datasets open data (Kaggle, Hugging Face)"
skill,51586df8-1c46-4b47-8583-773cb63bf00b,http://data.europa.eu/esco/skill/51586df8-1c46-4b47-8583-773cb63bf00b,R,R,knowledge,Reporting & Documentation,Avancé,R
skill,04dfd9fb-e0cf-40f6-96c6-9d2280c4347e,http://data.europa.eu/esco/skill/04dfd9fb-e0cf-40f6-96c6-9d2280c4347e,fournir une documentation technique,provide technical documentation,skill/competence,Reporting & Documentation,Avancé,Quarto | Markdown | GitHub Pages | Notebooks reproductibles
skill,d0f2f8a7-d935-4a6d-8e54-dcc3e5e2cbeb,http://data.europa.eu/esco/skill/d0f2f8a7-d935-4a6d-8e54-dcc3e5e2cbeb,présenter des rapports,present reports,skill/competence,Reporting & Documentation,Avancé,Reporting automatisé | Data-driven management | Rapports de sécurité
skill,ee3c1d54-f46a-43c7-a0f9-0ba3648164d0,http://data.europa.eu/esco/skill/ee3c1d54-f46a-43c7-a0f9-0ba3648164d0,créer une architecture d’entreprise,design enterprise architecture,skill/competence,Reporting & Documentation,Avancé,Urbanisation SI
skill,fd446407-b08e-49da-b8e3-7e7c79618c3f,http://data.europa.eu/esco/skill/fd446407-b08e-49da-b8e3-7e7c79618c3f,effectuer des présentations publiques,conduct public presentations,skill/competence,Developer Relations & Communication,Expert,Talks internationaux | Pitching interne | Tech advocacy interne
skill,c1f29568-f2bb-49d2-b6c2-28748bd1629b,http://data.europa.eu/esco/skill/c1f29568-f2bb-49d2-b6c2-28748bd1629b,gérer du contenu en ligne,manage online content,skill/competence,Developer Relations & Communication,Expert,YouTube | Dev.to | Mux | Détournements vidéo tech
skill,04dfd9fb-e0cf-40f6-96c6-9d2280c4347e,http://data.europa.eu/esco/skill/04dfd9fb-e0cf-40f6-96c6-9d2280c4347e,fournir une documentation technique,provide technical documentation,skill/competence,Developer Relations & Communication,Expert,Documentation | Vulgarisation
skill,c3e36d05-8ae8-447f-bb2b-6f9409f85389,http://data.europa.eu/esco/skill/c3e36d05-8ae8-447f-bb2b-6f9409f85389,fournir une présentation visuelle des données,deliver visual presentation of data,skill/competence,Developer Relations & Communication,Expert,Data Storytelling | Storytelling
skill,a800a15c-2d1b-4151-8bf3-b21d47f709a1,http://data.europa.eu/esco/skill/a800a15c-2d1b-4151-8bf3-b21d47f709a1,développer l’architecture d’une communauté en ligne,develop online community plan,skill/competence,Developer Relations & Communication,Expert,Community building | Marketing $0 | Évangélisation par la pratique
skill,bf5d77ad-e18c-48d8-83f0-bc79c011c74a,http://data.europa.eu/esco/skill/bf5d77ad-e18c-48d8-83f0-bc79c011c74a,créer un réseau professionnel,develop professional network,skill/competence,Developer Relations & Communication,Expert,Community building
skill,c3c2420c-ce9a-4371-8eed-1db479c3a562,http://data.europa.eu/esco/skill/c3c2420c-ce9a-4371-8eed-1db479c3a562,rédiger un article scientifique,write scientific papers,skill/competence,Developer Relations & Communication,Expert,Dev.to | Documentation
skill,2111dff8-f830-46ad-80ce-7885893b3134,http://data.europa.eu/esco/skill/2111dff8-f830-46ad-80ce-7885893b3134,coordonner des événements,coordinate events,skill/competence,Developer Relations & Communication,Expert,"Co-organisation de hackathons (#HackAVP, OPT-NC × Station N × OPEN NC)"
skill,a4b7f1be-7058-45e4-ac90-66580499187f,http://data.europa.eu/esco/skill/a4b7f1be-7058-45e4-ac90-66580499187f,planifier des évènements,plan events,skill/competence,Developer Relations & Communication,Expert,"Co-organisation de hackathons (#HackAVP, OPT-NC × Station N × OPEN NC)"
skill,5fd5c985-eaaa-47aa-8314-62359c54505a,http://data.europa.eu/esco/skill/5fd5c985-eaaa-47aa-8314-62359c54505a,élaborer des contenus numériques,develop digital content,skill/competence,Developer Relations & Communication,Expert,YouTube | Dev.to | Détournements vidéo tech
skill,dfb9cec6-3ae3-408a-9d57-c44361bf7aaf,http://data.europa.eu/esco/skill/dfb9cec6-3ae3-408a-9d57-c44361bf7aaf,fournir du contenu multimédia,provide multimedia content,skill/competence,Developer Relations & Communication,Expert,YouTube | Mux | Détournements vidéo tech
skill,91dd8397-063d-499c-83b9-0603a10d94ac,http://data.europa.eu/esco/skill/91dd8397-063d-499c-83b9-0603a10d94ac,techniques d'écriture,writing techniques,knowledge,Developer Relations & Communication,Expert,Storytelling | Data Storytelling
skill,e83ec793-3fbc-42e0-9729-d4bd92d454b3,http://data.europa.eu/esco/skill/e83ec793-3fbc-42e0-9729-d4bd92d454b3,rédiger des textes professionnels,draw up professional texts,skill/competence,Developer Relations & Communication,Expert,Dev.to | Vulgarisation | Documentation
skill,7ff2c668-0e86-418a-a962-4958262ee337,http://data.europa.eu/esco/skill/7ff2c668-0e86-418a-a962-4958262ee337,utiliser des techniques de communication,use communication techniques,skill/competence,Developer Relations & Communication,Expert,Vulgarisation | Pitching interne | Tech advocacy interne
skill,b0560439-14eb-41d1-aa53-1938efc24123,http://data.europa.eu/esco/skill/b0560439-14eb-41d1-aa53-1938efc24123,stratégie de marketing de contenu,content marketing strategy,knowledge,Developer Relations & Communication,Expert,Marketing $0 | YouTube | Dev.to | Évangélisation par la pratique
skill,f3dea00d-53d9-4148-9304-986a14ff5b00,http://data.europa.eu/esco/skill/f3dea00d-53d9-4148-9304-986a14ff5b00,faire preuve d'humour,practice humour,skill/competence,Developer Relations & Communication,Expert,Détournements vidéo tech | Vulgarisation
skill,9c72fa23-60c5-4b90-81a8-44a871beb4e5,http://data.europa.eu/esco/skill/9c72fa23-60c5-4b90-81a8-44a871beb4e5,susciter des émotions dans le public,engage the audience emotionally,skill/competence,Developer Relations & Communication,Expert,Détournements vidéo tech | Storytelling
skill,5ce80f97-b385-4a41-9339-a6593d0709c1,http://data.europa.eu/esco/skill/5ce80f97-b385-4a41-9339-a6593d0709c1,effectuer un montage vidéo,perform video editing,skill/competence,Developer Relations & Communication,Expert,Détournements vidéo tech | YouTube
skill,cb668e89-6ef5-4ff3-ab4a-506010e7e70b,http://data.europa.eu/esco/skill/cb668e89-6ef5-4ff3-ab4a-506010e7e70b,gérer une équipe,manage a team,skill/competence,Management & Leadership,Expert,"Management d'équipe | Management par la confiance, l'autonomie et les objectifs clairs | Management full-remote async (GitHub issues uniquement) | Management libéré | Transparence radicale"
skill,3740b2a0-c94e-4116-bf18-f9fdd5b59f56,http://data.europa.eu/esco/skill/3740b2a0-c94e-4116-bf18-f9fdd5b59f56,assurer un leadership,provide leadership,skill/competence,Management & Leadership,Expert,"Why-first (Sinek) en réflexe d'équipe — arbitrer où mettre l'effort, questionner les évidences avant d'engager | Intérim de direction | Team Topologies"
skill,0a9acb6b-1139-4be9-b431-3a80a959f2f4,http://data.europa.eu/esco/skill/0a9acb6b-1139-4be9-b431-3a80a959f2f4,gestion de projets par méthode Agile,Agile project management,knowledge,Management & Leadership,Expert,Scrum | Product Owner | Jira | Gestion de projet
skill,da6393d5-a53c-4863-abc7-51f36281d74e,http://data.europa.eu/esco/skill/da6393d5-a53c-4863-abc7-51f36281d74e,gestion de projets allégée,Lean project management,knowledge,Management & Leadership,Expert,LEAN | 5S | Management visuel | Running Lean
skill,3b5c7dc9-bd4f-4360-95c8-f66636dcb8a8,http://data.europa.eu/esco/skill/3b5c7dc9-bd4f-4360-95c8-f66636dcb8a8,encourager des équipes à rechercher l’amélioration continue,encourage teams for continuous improvement,skill/competence,Management & Leadership,Expert,"Intelligence collective au centre du processus — faire progresser l'équipe collectivement (Lean & Learn, J. Chaize) | Culture de feedback | Serious games et rétrospectives créatives"
skill,2fb8480e-de3c-462b-b169-e8bbb344da68,http://data.europa.eu/esco/skill/2fb8480e-de3c-462b-b169-e8bbb344da68,processus d’innovation,innovation processes,knowledge,Management & Leadership,Expert,Innovation frugale | Open Innovation | Design thinking | Design Sprint | Facilitation UX & conduite de l'innovation (Visonneau) — outil de pitch et d'alignement d'équipe
skill,7364cc39-b9c0-449f-9416-57723e2fd9c4,http://data.europa.eu/esco/skill/7364cc39-b9c0-449f-9416-57723e2fd9c4,utiliser des méthodes de conception centrée sur l’utilisateur,utilise methodologies for user centered design,skill/competence,Management & Leadership,Expert,Lean UX | Design thinking
skill,496932f1-0b6b-4f73-9432-d95c7ddcd43b,http://data.europa.eu/esco/skill/496932f1-0b6b-4f73-9432-d95c7ddcd43b,recruter des employés,recruit employees,skill/competence,Management & Leadership,Expert,Recrutement — détection de talent sur dossier | Transition & onboarding entrant
skill,22c2af9e-ba0d-4cee-abb6-b6dbef006cd5,http://data.europa.eu/esco/skill/22c2af9e-ba0d-4cee-abb6-b6dbef006cd5,motiver des employés,motivate employees,skill/competence,Management & Leadership,Expert,"Management par la confiance, l'autonomie et les objectifs clairs"
skill,3cd35f5d-ce6d-4f14-9a09-53d7a28d834c,http://data.europa.eu/esco/skill/3cd35f5d-ce6d-4f14-9a09-53d7a28d834c,entretenir des relations avec des fournisseurs,maintain relationship with suppliers,skill/competence,Management & Leadership,Expert,"Pilotage de prestataires (BI, cloud, intégration SI)"
skill,6f8baa62-bc2b-4cc1-942b-f540c837cfa2,http://data.europa.eu/esco/skill/6f8baa62-bc2b-4cc1-942b-f540c837cfa2,stratégie d’externalisation,outsourcing strategy,knowledge,Management & Leadership,Expert,"Pilotage de prestataires (BI, cloud, intégration SI)"
skill,3c03ee71-4a23-448f-b79e-81fd75d27dca,http://data.europa.eu/esco/skill/3c03ee71-4a23-448f-b79e-81fd75d27dca,appliquer la gestion du changement,apply change management,skill/competence,Management & Leadership,Expert,Intérim de direction | Transition & onboarding entrant
skill,fd4386c5-96f0-4c6e-970c-c08729ae0cc6,http://data.europa.eu/esco/skill/fd4386c5-96f0-4c6e-970c-c08729ae0cc6,élaborer la conception d'un produit,develop product design,skill/competence,Management & Leadership,Expert,Product Owner | Running Lean | Design Sprint
skill,a8797f21-1af0-4c5e-98ca-bf1442929363,http://data.europa.eu/esco/skill/a8797f21-1af0-4c5e-98ca-bf1442929363,interagir avec les utilisateurs pour définir leurs exigences,interact with users to gather requirements,skill/competence,Management & Leadership,Expert,Product Owner | Lean UX
skill,21e0cad8-4eef-42be-b18b-0f8e37f0dbd0,http://data.europa.eu/esco/skill/21e0cad8-4eef-42be-b18b-0f8e37f0dbd0,cycle de vie d’un produit,product life-cycle,knowledge,Management & Leadership,Expert,Product Owner
skill,0550431f-9c8b-4204-9c45-59bc5feacf06,http://data.europa.eu/esco/skill/0550431f-9c8b-4204-9c45-59bc5feacf06,philosophies d’amélioration continue,continuous improvement philosophies,knowledge,Management & Leadership,Expert,LEAN | 5S | Management visuel
skill,bdcf429c-5ccf-4c3d-bb61-4c987573a35e,http://data.europa.eu/esco/skill/bdcf429c-5ccf-4c3d-bb61-4c987573a35e,faire preuve d’esprit d’entreprise,show entrepreneurial spirit,skill/competence,Management & Leadership,Expert,Innovation frugale | Running Lean
skill,75d8e5d9-bef3-418b-9011-01bff9f27207,http://data.europa.eu/esco/skill/75d8e5d9-bef3-418b-9011-01bff9f27207,diriger d’autres personnes,lead others,skill/competence,Management & Leadership,Expert,"Why-first (Sinek) en réflexe d'équipe — arbitrer où mettre l'effort, questionner les évidences avant d'engager | Management d'équipe"
skill,0fc0cb61-f44d-4fd0-afd1-18506380b55e,http://data.europa.eu/esco/skill/0fc0cb61-f44d-4fd0-afd1-18506380b55e,"endosser vis-à-vis de collègues un rôle de meneur, cherchant avant tout à atteindre les objectifs",exert a goal-oriented leadership role towards colleagues,skill/competence,Management & Leadership,Expert,"Management par la confiance, l'autonomie et les objectifs clairs | Intérim de direction"
skill,5be1c5fb-3833-4983-949c-b77fbfad26d9,http://data.europa.eu/esco/skill/5be1c5fb-3833-4983-949c-b77fbfad26d9,jouer un rôle de meneur exemplaire au sein d’une organisation,show an exemplary leading role in an organisation,skill/competence,Management & Leadership,Expert,"Transparence radicale | Management libéré | Why-first (Sinek) en réflexe d'équipe — arbitrer où mettre l'effort, questionner les évidences avant d'engager"
skill,1f1d2ff8-c4c1-45cc-9812-6a7ee84a73cb,http://data.europa.eu/esco/skill/1f1d2ff8-c4c1-45cc-9812-6a7ee84a73cb,diriger une équipe,lead a team,skill/competence,Management & Leadership,Expert,Management d'équipe | Team Topologies
skill,b9bb1f03-15e2-4079-943e-7e483b21725b,http://data.europa.eu/esco/skill/b9bb1f03-15e2-4079-943e-7e483b21725b,faire des commentaires constructifs,give constructive feedback,skill/competence,Management & Leadership,Expert,Culture de feedback | Transparence radicale
skill,08e2ff26-88ff-47b5-9d37-d19ace01b075,http://data.europa.eu/esco/skill/08e2ff26-88ff-47b5-9d37-d19ace01b075,gérer les retours d’information,manage feedback,skill/competence,Management & Leadership,Expert,Culture de feedback | Serious games et rétrospectives créatives
skill,b00e948c-19be-4951-8cff-60f88f1046e9,http://data.europa.eu/esco/skill/b00e948c-19be-4951-8cff-60f88f1046e9,déléguer des tâches,delegate activities,skill/competence,Management & Leadership,Expert,"Management par la confiance, l'autonomie et les objectifs clairs | Management libéré"
skill,a12057b4-6d11-4a12-ab8e-15a028ef0a6d,http://data.europa.eu/esco/skill/a12057b4-6d11-4a12-ab8e-15a028ef0a6d,interagir au moyen de technologies numériques,interact through digital technologies,skill/competence,Management & Leadership,Expert,Management full-remote async (GitHub issues uniquement)
skill,5cfd2ec5-ef34-4e3b-9397-e580b903d716,http://data.europa.eu/esco/skill/5cfd2ec5-ef34-4e3b-9397-e580b903d716,évaluer les performances de collaborateurs de l’organisation,evaluate performance of organisational collaborators,skill/competence,Management & Leadership,Expert,Management d'équipe
skill,428ab44b-39ef-42d6-a93d-12f4efc4cb10,http://data.europa.eu/esco/skill/428ab44b-39ef-42d6-a93d-12f4efc4cb10,enseigner à l'université,teach university class,skill/competence,Pédagogie & Transmission,Expert,Enseignement universitaire (Master MIAGE)
skill,a117f32c-662b-4dd9-b739-1230dd04cb60,http://data.europa.eu/esco/skill/a117f32c-662b-4dd9-b739-1230dd04cb60,pédagogie,pedagogy,knowledge,Pédagogie & Transmission,Expert,Pédagogie Montessori | Mindful Learning (Ellen Langer) | Learning by doing | Pédagogie par projets réels open source / open data | Construction du raisonnement plutôt que dictée de la solution
skill,d5e1e30e-44ab-4aba-abab-b8263e801b7a,http://data.europa.eu/esco/skill/d5e1e30e-44ab-4aba-abab-b8263e801b7a,aider des étudiants dans leur apprentissage,assist students in their learning,skill/competence,Pédagogie & Transmission,Expert,Mentorat de stagiaires | Tuteur industriel (projets tutorés UNC) | Mentorat à distance full-remote (GitHub issues comme seul canal)
skill,28722c99-68b7-4b7b-808f-53f343299935,http://data.europa.eu/esco/skill/28722c99-68b7-4b7b-808f-53f343299935,guider ses collègues,provide mentorship,skill/competence,Pédagogie & Transmission,Expert,Knowledge sharing | Mentorat de stagiaires
skill,f0699875-51da-48d2-bc92-54b0749baef1,http://data.europa.eu/esco/skill/f0699875-51da-48d2-bc92-54b0749baef1,élaborer un plan de cours,develop course outline,skill/competence,Pédagogie & Transmission,Expert,"Conception de stages sur mesure (datascience → APIs → mobile, art génératif, IoT)"
skill,05338a70-1ea1-4c33-a886-1c4f0c7d7241,http://data.europa.eu/esco/skill/05338a70-1ea1-4c33-a886-1c4f0c7d7241,transmettre les techniques d’un métier,pass on trade techniques,skill/competence,Pédagogie & Transmission,Expert,Vulgarisation technique | Knowledge sharing | Why-first (Sinek)
skill,7364cc39-b9c0-449f-9416-57723e2fd9c4,http://data.europa.eu/esco/skill/7364cc39-b9c0-449f-9416-57723e2fd9c4,utiliser des méthodes de conception centrée sur l’utilisateur,utilise methodologies for user centered design,skill/competence,Pédagogie & Transmission,Expert,Facilitation UX (Visonneau)
skill,5650081a-877d-4d59-b7df-05c00572485a,http://data.europa.eu/esco/skill/5650081a-877d-4d59-b7df-05c00572485a,encourager le renforcement d’équipe,encourage teambuilding,skill/competence,Pédagogie & Transmission,Expert,"Apprenance & intelligence collective — l'apprentissage et le groupe au centre (Lean & Learn, J. Chaize)"
skill,b820c9de-4d00-4e79-9af9-33f26044ff42,http://data.europa.eu/esco/skill/b820c9de-4d00-4e79-9af9-33f26044ff42,enseigner l’informatique,teach computer science,skill/competence,Pédagogie & Transmission,Expert,Enseignement universitaire (Master MIAGE) | Tuteur industriel (projets tutorés UNC)
skill,20c2011f-c389-49cd-972e-a4809db0476c,http://data.europa.eu/esco/skill/20c2011f-c389-49cd-972e-a4809db0476c,appliquer la pédagogie Montessori,apply Montessori teaching strategies,skill/competence,Pédagogie & Transmission,Expert,Pédagogie Montessori
skill,59eb177a-2f30-4943-8b30-5f87dd51a80d,http://data.europa.eu/esco/skill/59eb177a-2f30-4943-8b30-5f87dd51a80d,appliquer des stratégies pédagogiques,apply teaching strategies,skill/competence,Pédagogie & Transmission,Expert,Learning by doing | Construction du raisonnement plutôt que dictée de la solution | Vulgarisation technique
skill,b32e593b-cc7f-4f38-bf50-e69431ec7ada,http://data.europa.eu/esco/skill/b32e593b-cc7f-4f38-bf50-e69431ec7ada,enseigner en présentant des exemples personnels,demonstrate when teaching,skill/competence,Pédagogie & Transmission,Expert,Learning by doing | Pédagogie par projets réels open source / open data
skill,b4832996-b36c-40b2-b54e-780325b2546e,http://data.europa.eu/esco/skill/b4832996-b36c-40b2-b54e-780325b2546e,adapter l’enseignement au marché du travail,adapt instruction to labour market,skill/competence,Pédagogie & Transmission,Expert,"Pédagogie par projets réels open source / open data | Conception de stages sur mesure (datascience → APIs → mobile, art génératif, IoT)"
skill,573d3f91-c81c-407e-a56d-0f3a63272b43,http://data.europa.eu/esco/skill/573d3f91-c81c-407e-a56d-0f3a63272b43,adapter l’enseignement aux capacités des élèves,adapt teaching to student's capabilities,skill/competence,Pédagogie & Transmission,Expert,"Conception de stages sur mesure (datascience → APIs → mobile, art génératif, IoT) | Mindful Learning (Ellen Langer)"
skill,229b10cf-6f3a-490c-9706-01c107df0562,http://data.europa.eu/esco/skill/229b10cf-6f3a-490c-9706-01c107df0562,favoriser le travail en équipe entre élèves,facilitate teamwork between students,skill/competence,Pédagogie & Transmission,Expert,"Apprenance & intelligence collective — l'apprentissage et le groupe au centre (Lean & Learn, J. Chaize)"
skill,f78877d1-99f3-4649-addc-2d09c9183a1e,http://data.europa.eu/esco/skill/f78877d1-99f3-4649-addc-2d09c9183a1e,recommander des méthodes d'apprentissage,advise on learning methods,skill/competence,Pédagogie & Transmission,Expert,Mindful Learning (Ellen Langer) | Why-first (Sinek)
skill,b16200f4-4f39-4b8b-aa9d-3568054d6bdb,http://data.europa.eu/esco/skill/b16200f4-4f39-4b8b-aa9d-3568054d6bdb,modèle en code source ouverte,Open source model,knowledge,Open Source,Avancé,"endoflife.date | SchemaCrawler | Chocolatey | DuckDB brew extension | geol | oracle-jutils | mobitag | liquibase | Contributions upstream à des projets tiers (endoflife.date, SchemaCrawler, liquibase, Chocolatey)"
skill,978db6a1-7297-4c89-819a-47605f2c3ba8,http://data.europa.eu/esco/skill/978db6a1-7297-4c89-819a-47605f2c3ba8,gérer des versions d’un logiciel,manage software releases,skill/competence,Open Source,Avancé,geol | Chocolatey | DuckDB brew extension
skill,a800a15c-2d1b-4151-8bf3-b21d47f709a1,http://data.europa.eu/esco/skill/a800a15c-2d1b-4151-8bf3-b21d47f709a1,développer l’architecture d’une communauté en ligne,develop online community plan,skill/competence,Open Source,Avancé,Attraction et fidélisation de contributors externes
skill,9d1b08b3-ba1e-41f6-a466-1ac1e62eb5f0,http://data.europa.eu/esco/skill/9d1b08b3-ba1e-41f6-a466-1ac1e62eb5f0,effectuer l’examen du code source,conduct ICT code review,skill/competence,Open Source,Avancé,"Attraction et fidélisation de contributors externes | SchemaCrawler | endoflife.date | Contributions upstream à des projets tiers (endoflife.date, SchemaCrawler, liquibase, Chocolatey)"
skill,9d2e926f-53d9-41f5-98f3-19dfaa687f3f,http://data.europa.eu/esco/skill/9d2e926f-53d9-41f5-98f3-19dfaa687f3f,outils de gestion de configuration logicielle,tools for software configuration management,knowledge,Open Source,Avancé,"geol | liquibase | endoflife.date | Contributions upstream à des projets tiers (endoflife.date, SchemaCrawler, liquibase, Chocolatey)"
skill,580660a6-5d3a-421d-a54f-d85b706c2b2f,http://data.europa.eu/esco/skill/580660a6-5d3a-421d-a54f-d85b706c2b2f,utiliser des outils en ligne pour collaborer,use online tools to collaborate,skill/competence,Open Source,Avancé,"Attraction et fidélisation de contributors externes | endoflife.date | Contributions upstream à des projets tiers (endoflife.date, SchemaCrawler, liquibase, Chocolatey)"
skill,694dc996-52f3-4afa-a802-672e19f061b7,http://data.europa.eu/esco/skill/694dc996-52f3-4afa-a802-672e19f061b7,stratégie de crowdsourcing,crowdsourcing strategy,knowledge,Open Source,Avancé,Attraction et fidélisation de contributors externes | endoflife.date
skill,3bddfd7c-ab6d-40c2-883d-5e97fb7640ba,http://data.europa.eu/esco/skill/3bddfd7c-ab6d-40c2-883d-5e97fb7640ba,concevoir un logiciel,create software design,skill/competence,Open Source,Avancé,geol | mobitag | oracle-jutils
skill,04dfd9fb-e0cf-40f6-96c6-9d2280c4347e,http://data.europa.eu/esco/skill/04dfd9fb-e0cf-40f6-96c6-9d2280c4347e,fournir une documentation technique,provide technical documentation,skill/competence,Open Source,Avancé,SchemaCrawler | geol
skill,8b94aa1e-89c9-459d-b3b4-1dfab8dec2df,http://data.europa.eu/esco/skill/8b94aa1e-89c9-459d-b3b4-1dfab8dec2df,utiliser des bibliothèques logicielles,use software libraries,skill/competence,Open Source,Avancé,oracle-jutils | liquibase
skill,2522a6ce-3202-4ac8-9f5b-b9cb5a3a83a1,http://data.europa.eu/esco/skill/2522a6ce-3202-4ac8-9f5b-b9cb5a3a83a1,déboguer un logiciel,debug software,skill/competence,Open Source,Avancé,"Contributions upstream à des projets tiers (endoflife.date, SchemaCrawler, liquibase, Chocolatey)"
skill,f049d050-12da-4e40-813a-2b5eb6df6b51,http://data.europa.eu/esco/skill/f049d050-12da-4e40-813a-2b5eb6df6b51,Internet des objets,Internet of Things,knowledge,IoT & Hardware,Intermédiaire,Arduino IoT Cloud | IFTTT / Maker service | ESP8266 / NodeMCU | Arduino MKR1000 | Hackster.io
skill,2180bd8c-86de-4889-8165-adac902eee9d,http://data.europa.eu/esco/skill/2180bd8c-86de-4889-8165-adac902eee9d,systèmes embarqués,embedded systems,knowledge,IoT & Hardware,Intermédiaire,"Arduino | ESP8266 / NodeMCU | Arduino MKR1000 | Raspberry Pi Pico W | Pimoroni Cosmic Unicorn | Adafruit (FunHouse, PyPortal, MagTag) | CircuitPython"
skill,70a7b3b3-31ef-4b29-a30f-bb7299dff39b,http://data.europa.eu/esco/skill/70a7b3b3-31ef-4b29-a30f-bb7299dff39b,capteurs,sensors,knowledge,IoT & Hardware,Intermédiaire,HC-SR04 (capteur ultrason)
skill,bacbfc27-4b5d-47de-8bfd-af5fa27562a2,http://data.europa.eu/esco/skill/bacbfc27-4b5d-47de-8bfd-af5fa27562a2,concevoir des prototypes,design prototypes,skill/competence,IoT & Hardware,Intermédiaire,Hackster.io | Arduino
skill,c624c6a3-b0ba-4a31-a296-0d433fe47e41,http://data.europa.eu/esco/skill/c624c6a3-b0ba-4a31-a296-0d433fe47e41,avoir un esprit créatif,think creatively,skill/competence,Créativité & Apprentissage autodidacte,Expert,Imagination | Idéation en mouvement | Rendre l'invisible visible
skill,c983dbc8-8b2e-4f7e-aa66-f9042a898ea8,http://data.europa.eu/esco/skill/c983dbc8-8b2e-4f7e-aa66-f9042a898ea8,combiner plusieurs domaines de connaissances,combine multiple fields of knowledge,skill/competence,Créativité & Apprentissage autodidacte,Expert,Connexion de domaines éloignés | Pensée transdisciplinaire
skill,0f9958d2-f700-4f62-b90b-a5873cb5ae4c,http://data.europa.eu/esco/skill/0f9958d2-f700-4f62-b90b-a5873cb5ae4c,pensée systémique,systems thinking,knowledge,Créativité & Apprentissage autodidacte,Expert,"Pensée systémique (feedback loops, complexité) | Détection d'inefficacités"
skill,429062f1-a958-43ea-83dd-4e1af078c156,http://data.europa.eu/esco/skill/429062f1-a958-43ea-83dd-4e1af078c156,faire preuve de curiosité,demonstrate curiosity,skill/competence,Créativité & Apprentissage autodidacte,Expert,Curiosité naturelle | Observation du réel | MIT Media Lab mindset
skill,9bf266a6-188b-4d17-a22f-2f266d76832b,http://data.europa.eu/esco/skill/9bf266a6-188b-4d17-a22f-2f266d76832b,démontrer une volonté d’apprendre,demonstrate willingness to learn,skill/competence,Créativité & Apprentissage autodidacte,Expert,Apprendre → construire → démontrer → enseigner | Expérimentation
skill,a8d24a95-47b3-4f88-92e7-06600bcd3612,http://data.europa.eu/esco/skill/a8d24a95-47b3-4f88-92e7-06600bcd3612,gérer le développement professionnel personnel,manage personal professional development,skill/competence,Créativité & Apprentissage autodidacte,Expert,Flow & performance cognitive (S. Kotler)
skill,7a17d7ce-01a2-4746-bbcc-22ffe22fa16e,http://data.europa.eu/esco/skill/7a17d7ce-01a2-4746-bbcc-22ffe22fa16e,suivre les tendances technologiques,monitor technology trends,skill/competence,Créativité & Apprentissage autodidacte,Expert,Expérimentation
skill,8c4c49d4-9708-433f-8ca7-bf2c5211ee49,http://data.europa.eu/esco/skill/8c4c49d4-9708-433f-8ca7-bf2c5211ee49,développer des idées créatives,develop creative ideas,skill/competence,Créativité & Apprentissage autodidacte,Expert,Idéation en mouvement | MIT Media Lab mindset | Imagination
occupation,2bef94db-0088-4507-982a-2ca717529adb,http://data.europa.eu/esco/occupation/2bef94db-0088-4507-982a-2ca717529adb,architecte d’entreprise,enterprise architect,2511.5,basics,,
occupation,e1c72b5f-4c5c-487c-a6df-e84b64a51dae,http://data.europa.eu/esco/occupation/e1c72b5f-4c5c-487c-a6df-e84b64a51dae,concepteur de systèmes informatiques/conceptrice de systèmes informatiques,ICT system architect,2511.13,basics,,
occupation,f31f487b-4ce2-40f3-90e8-7d0011b4ef1d,http://data.europa.eu/esco/occupation/f31f487b-4ce2-40f3-90e8-7d0011b4ef1d,responsable des logiciels,software manager,1330.5.1,basics,,
occupation,1092dd4c-b96b-4b3f-87fe-4a9e8d1937fb,http://data.europa.eu/esco/occupation/1092dd4c-b96b-4b3f-87fe-4a9e8d1937fb,chargé de cours/chargée de cours,university teaching assistant,2310.1.42,basics,,
occupation,f31f487b-4ce2-40f3-90e8-7d0011b4ef1d,http://data.europa.eu/esco/occupation/f31f487b-4ce2-40f3-90e8-7d0011b4ef1d,responsable des logiciels,software manager,1330.5.1,Chef de Section GLIA — Génie Logiciel Inter-Applicatif @ OPT-NC (Office des Postes et Télécommunications de Nouvelle-Calédonie),,
occupation,e1c72b5f-4c5c-487c-a6df-e84b64a51dae,http://data.europa.eu/esco/occupation/e1c72b5f-4c5c-487c-a6df-e84b64a51dae,concepteur de systèmes informatiques/conceptrice de systèmes informatiques,ICT system architect,2511.13,Chef de Section GLIA — Génie Logiciel Inter-Applicatif @ OPT-NC (Office des Postes et Télécommunications de Nouvelle-Calédonie),,
occupation,d0aa0792-4345-474b-9365-686cf4869d2e,http://data.europa.eu/esco/occupation/d0aa0792-4345-474b-9365-686cf4869d2e,concepteur de logiciels/conceptrice de logiciels,software architect,2512.2,Architecte Logiciel / Chef de Section Développement & Maintenance @ DSI Ville de Nouméa,,
occupation,f31f487b-4ce2-40f3-90e8-7d0011b4ef1d,http://data.europa.eu/esco/occupation/f31f487b-4ce2-40f3-90e8-7d0011b4ef1d,responsable des logiciels,software manager,1330.5.1,Architecte Logiciel / Chef de Section Développement & Maintenance @ DSI Ville de Nouméa,,
occupation,8c57af09-719c-42b3-be40-6ed4946236cc,http://data.europa.eu/esco/occupation/8c57af09-719c-42b3-be40-6ed4946236cc,administrateur de base de données/administratrice de base de données,database administrator,2521.1,DBA — Oracle & PostgreSQL @ Docaposte,,
occupation,b11e1742-5e28-4270-b081-b0193d85ee7d,http://data.europa.eu/esco/occupation/b11e1742-5e28-4270-b081-b0193d85ee7d,développeur de base de données/développeuse de base de données,database developer,2521.3,DBA — Oracle & PostgreSQL @ Docaposte,,
occupation,b11e1742-5e28-4270-b081-b0193d85ee7d,http://data.europa.eu/esco/occupation/b11e1742-5e28-4270-b081-b0193d85ee7d,développeur de base de données/développeuse de base de données,database developer,2521.3,Consultant Développeur — Couche Base de Données @ Experian Decision Analytics,,
occupation,f2b15a0e-e65a-438a-affb-29b9d50b77d1,http://data.europa.eu/esco/occupation/f2b15a0e-e65a-438a-affb-29b9d50b77d1,développeur de logiciels/développeuse de logiciels,software developer,2512.3,Consultant Développeur — Couche Base de Données @ Experian Decision Analytics,,
occupation,f0e1cc13-48e0-4995-8699-ee43467bce0d,http://data.europa.eu/esco/occupation/f0e1cc13-48e0-4995-8699-ee43467bce0d,professeur de mathématiques/professeure de mathématiques,mathematics teacher secondary school,2330.1.11,Professeur Vacataire de Mathématiques @ Vice-Rectorat de Nouvelle-Calédonie,,
